Station,Date_parsed,Muntiacus_present,EVI_Silwood,distance_to_road
16,08/10/2025,0,0.702664641,201.82196
16,09/10/2025,1,0.702664641,201.82196
16,10/10/2025,1,0.702664641,201.82196
16,11/10/2025,1,0.702664641,201.82196
16,12/10/2025,0,0.702664641,201.82196
16,13/10/2025,0,0.702664641,201.82196
16,14/10/2025,1,0.702664641,201.82196
16,15/10/2025,1,0.702664641,201.82196
16,16/10/2025,0,0.702664641,201.82196
16,17/10/2025,1,0.702664641,201.82196
16,18/10/2025,1,0.702664641,201.82196
16,19/10/2025,0,0.702664641,201.82196
16,20/10/2025,0,0.702664641,201.82196
16,21/10/2025,0,0.702664641,201.82196
16,22/10/2025,0,0.702664641,201.82196
16,23/10/2025,1,0.702664641,201.82196
16,24/10/2025,1,0.702664641,201.82196
16,25/10/2025,1,0.702664641,201.82196
16,26/10/2025,1,0.702664641,201.82196
16,27/10/2025,1,0.702664641,201.82196
16,28/10/2025,0,0.702664641,201.82196
16,29/10/2025,1,0.702664641,201.82196
16,30/10/2025,1,0.702664641,201.82196
16,31/10/2025,1,0.702664641,201.82196
16,01/11/2025,0,0.702664641,201.82196
16,02/11/2025,1,0.702664641,201.82196
16,03/11/2025,1,0.702664641,201.82196
16,04/11/2025,1,0.702664641,201.82196
16,05/11/2025,1,0.702664641,201.82196
16,06/11/2025,1,0.702664641,201.82196
16,07/11/2025,1,0.702664641,201.82196
16,08/11/2025,1,0.702664641,201.82196
16,09/11/2025,1,0.702664641,201.82196
16,10/11/2025,1,0.702664641,201.82196
16,11/11/2025,1,0.702664641,201.82196
16,12/11/2025,1,0.702664641,201.82196
16,13/11/2025,1,0.702664641,201.82196
16,14/11/2025,1,0.702664641,201.82196
16,15/11/2025,1,0.702664641,201.82196
16,16/11/2025,1,0.702664641,201.82196
16,17/11/2025,1,0.702664641,201.82196
16,18/11/2025,1,0.702664641,201.82196
16,19/11/2025,1,0.702664641,201.82196
16,20/11/2025,1,0.702664641,201.82196
16,21/11/2025,1,0.702664641,201.82196
16,22/11/2025,1,0.702664641,201.82196
16,23/11/2025,1,0.702664641,201.82196
16,24/11/2025,1,0.702664641,201.82196
18,08/10/2025,1,0.608673746,28.14823
18,09/10/2025,1,0.608673746,28.14823
18,10/10/2025,1,0.608673746,28.14823
18,11/10/2025,0,0.608673746,28.14823
18,12/10/2025,0,0.608673746,28.14823
18,13/10/2025,0,0.608673746,28.14823
18,14/10/2025,0,0.608673746,28.14823
18,15/10/2025,0,0.608673746,28.14823
18,16/10/2025,1,0.608673746,28.14823
18,17/10/2025,1,0.608673746,28.14823
18,18/10/2025,1,0.608673746,28.14823
18,19/10/2025,0,0.608673746,28.14823
18,20/10/2025,0,0.608673746,28.14823
18,21/10/2025,1,0.608673746,28.14823
18,22/10/2025,1,0.608673746,28.14823
18,23/10/2025,1,0.608673746,28.14823
18,24/10/2025,0,0.608673746,28.14823
18,25/10/2025,1,0.608673746,28.14823
18,26/10/2025,0,0.608673746,28.14823
18,27/10/2025,0,0.608673746,28.14823
18,28/10/2025,0,0.608673746,28.14823
18,29/10/2025,1,0.608673746,28.14823
18,30/10/2025,0,0.608673746,28.14823
18,31/10/2025,0,0.608673746,28.14823
18,01/11/2025,1,0.608673746,28.14823
18,02/11/2025,1,0.608673746,28.14823
18,03/11/2025,0,0.608673746,28.14823
18,04/11/2025,0,0.608673746,28.14823
18,05/11/2025,1,0.608673746,28.14823
18,06/11/2025,1,0.608673746,28.14823
18,07/11/2025,0,0.608673746,28.14823
18,08/11/2025,1,0.608673746,28.14823
18,09/11/2025,1,0.608673746,28.14823
18,10/11/2025,1,0.608673746,28.14823
18,11/11/2025,0,0.608673746,28.14823
18,12/11/2025,1,0.608673746,28.14823
18,13/11/2025,1,0.608673746,28.14823
18,14/11/2025,1,0.608673746,28.14823
18,15/11/2025,0,0.608673746,28.14823
18,16/11/2025,1,0.608673746,28.14823
18,17/11/2025,1,0.608673746,28.14823
18,18/11/2025,1,0.608673746,28.14823
18,19/11/2025,1,0.608673746,28.14823
18,20/11/2025,0,0.608673746,28.14823
18,21/11/2025,1,0.608673746,28.14823
18,22/11/2025,1,0.608673746,28.14823
18,23/11/2025,1,0.608673746,28.14823
18,24/11/2025,1,0.608673746,28.14823
13,08/10/2025,0,0.54837583,130.99777
13,09/10/2025,0,0.54837583,130.99777
13,10/10/2025,0,0.54837583,130.99777
13,11/10/2025,0,0.54837583,130.99777
13,12/10/2025,0,0.54837583,130.99777
13,13/10/2025,0,0.54837583,130.99777
13,14/10/2025,0,0.54837583,130.99777
13,15/10/2025,0,0.54837583,130.99777
13,16/10/2025,0,0.54837583,130.99777
13,17/10/2025,0,0.54837583,130.99777
13,18/10/2025,0,0.54837583,130.99777
13,19/10/2025,0,0.54837583,130.99777
13,20/10/2025,0,0.54837583,130.99777
13,21/10/2025,0,0.54837583,130.99777
13,22/10/2025,0,0.54837583,130.99777
13,23/10/2025,0,0.54837583,130.99777
13,24/10/2025,0,0.54837583,130.99777
13,25/10/2025,0,0.54837583,130.99777
13,26/10/2025,0,0.54837583,130.99777
13,27/10/2025,0,0.54837583,130.99777
13,28/10/2025,0,0.54837583,130.99777
13,29/10/2025,0,0.54837583,130.99777
13,30/10/2025,0,0.54837583,130.99777
13,31/10/2025,0,0.54837583,130.99777
13,01/11/2025,0,0.54837583,130.99777
13,02/11/2025,0,0.54837583,130.99777
13,03/11/2025,0,0.54837583,130.99777
13,04/11/2025,0,0.54837583,130.99777
13,05/11/2025,0,0.54837583,130.99777
13,06/11/2025,0,0.54837583,130.99777
13,07/11/2025,0,0.54837583,130.99777
13,08/11/2025,0,0.54837583,130.99777
13,09/11/2025,0,0.54837583,130.99777
13,10/11/2025,0,0.54837583,130.99777
13,11/11/2025,0,0.54837583,130.99777
13,12/11/2025,0,0.54837583,130.99777
13,13/11/2025,0,0.54837583,130.99777
13,14/11/2025,0,0.54837583,130.99777
13,15/11/2025,0,0.54837583,130.99777
13,16/11/2025,0,0.54837583,130.99777
13,17/11/2025,0,0.54837583,130.99777
13,18/11/2025,0,0.54837583,130.99777
13,19/11/2025,0,0.54837583,130.99777
13,20/11/2025,0,0.54837583,130.99777
13,21/11/2025,0,0.54837583,130.99777
13,22/11/2025,0,0.54837583,130.99777
13,23/11/2025,0,0.54837583,130.99777
13,24/11/2025,0,0.54837583,130.99777
45,08/10/2025,1,0.62209414,166.31566
45,09/10/2025,1,0.62209414,166.31566
45,10/10/2025,1,0.62209414,166.31566
45,11/10/2025,1,0.62209414,166.31566
45,12/10/2025,1,0.62209414,166.31566
45,13/10/2025,1,0.62209414,166.31566
45,14/10/2025,1,0.62209414,166.31566
45,15/10/2025,1,0.62209414,166.31566
45,16/10/2025,1,0.62209414,166.31566
45,17/10/2025,1,0.62209414,166.31566
45,18/10/2025,1,0.62209414,166.31566
45,19/10/2025,1,0.62209414,166.31566
45,20/10/2025,1,0.62209414,166.31566
45,21/10/2025,1,0.62209414,166.31566
45,22/10/2025,1,0.62209414,166.31566
45,23/10/2025,1,0.62209414,166.31566
45,24/10/2025,0,0.62209414,166.31566
45,25/10/2025,0,0.62209414,166.31566
45,26/10/2025,0,0.62209414,166.31566
45,27/10/2025,1,0.62209414,166.31566
45,28/10/2025,0,0.62209414,166.31566
45,29/10/2025,0,0.62209414,166.31566
45,30/10/2025,1,0.62209414,166.31566
45,31/10/2025,0,0.62209414,166.31566
45,01/11/2025,0,0.62209414,166.31566
45,02/11/2025,1,0.62209414,166.31566
45,03/11/2025,1,0.62209414,166.31566
45,04/11/2025,0,0.62209414,166.31566
45,05/11/2025,0,0.62209414,166.31566
45,06/11/2025,0,0.62209414,166.31566
45,07/11/2025,0,0.62209414,166.31566
45,08/11/2025,1,0.62209414,166.31566
45,09/11/2025,1,0.62209414,166.31566
45,10/11/2025,1,0.62209414,166.31566
45,11/11/2025,0,0.62209414,166.31566
45,12/11/2025,1,0.62209414,166.31566
45,13/11/2025,1,0.62209414,166.31566
45,14/11/2025,0,0.62209414,166.31566
45,15/11/2025,1,0.62209414,166.31566
45,16/11/2025,0,0.62209414,166.31566
45,17/11/2025,0,0.62209414,166.31566
45,18/11/2025,1,0.62209414,166.31566
45,19/11/2025,0,0.62209414,166.31566
45,20/11/2025,0,0.62209414,166.31566
45,21/11/2025,1,0.62209414,166.31566
45,22/11/2025,1,0.62209414,166.31566
45,23/11/2025,0,0.62209414,166.31566
45,24/11/2025,0,0.62209414,166.31566
49,08/10/2025,0,0.642494367,154.50773
49,09/10/2025,0,0.642494367,154.50773
49,10/10/2025,0,0.642494367,154.50773
49,11/10/2025,0,0.642494367,154.50773
49,12/10/2025,0,0.642494367,154.50773
49,13/10/2025,0,0.642494367,154.50773
49,14/10/2025,0,0.642494367,154.50773
49,15/10/2025,0,0.642494367,154.50773
49,16/10/2025,0,0.642494367,154.50773
49,17/10/2025,0,0.642494367,154.50773
49,18/10/2025,0,0.642494367,154.50773
49,19/10/2025,0,0.642494367,154.50773
49,20/10/2025,0,0.642494367,154.50773
49,21/10/2025,0,0.642494367,154.50773
49,22/10/2025,0,0.642494367,154.50773
49,23/10/2025,0,0.642494367,154.50773
49,24/10/2025,0,0.642494367,154.50773
49,25/10/2025,0,0.642494367,154.50773
49,26/10/2025,0,0.642494367,154.50773
49,27/10/2025,0,0.642494367,154.50773
49,28/10/2025,0,0.642494367,154.50773
49,29/10/2025,0,0.642494367,154.50773
49,30/10/2025,0,0.642494367,154.50773
49,31/10/2025,0,0.642494367,154.50773
49,01/11/2025,0,0.642494367,154.50773
49,02/11/2025,0,0.642494367,154.50773
49,03/11/2025,0,0.642494367,154.50773
49,04/11/2025,0,0.642494367,154.50773
49,05/11/2025,0,0.642494367,154.50773
49,06/11/2025,0,0.642494367,154.50773
49,07/11/2025,0,0.642494367,154.50773
49,08/11/2025,0,0.642494367,154.50773
49,09/11/2025,0,0.642494367,154.50773
49,10/11/2025,0,0.642494367,154.50773
49,11/11/2025,0,0.642494367,154.50773
49,12/11/2025,0,0.642494367,154.50773
49,13/11/2025,0,0.642494367,154.50773
49,14/11/2025,0,0.642494367,154.50773
49,15/11/2025,0,0.642494367,154.50773
49,16/11/2025,0,0.642494367,154.50773
49,17/11/2025,0,0.642494367,154.50773
49,18/11/2025,0,0.642494367,154.50773
49,19/11/2025,0,0.642494367,154.50773
49,20/11/2025,0,0.642494367,154.50773
49,21/11/2025,0,0.642494367,154.50773
49,22/11/2025,0,0.642494367,154.50773
49,23/11/2025,0,0.642494367,154.50773
49,24/11/2025,0,0.642494367,154.50773
60,08/10/2025,0,0.129500441,26.2403
60,09/10/2025,1,0.129500441,26.2403
60,10/10/2025,1,0.129500441,26.2403
60,11/10/2025,0,0.129500441,26.2403
60,12/10/2025,1,0.129500441,26.2403
60,13/10/2025,1,0.129500441,26.2403
60,14/10/2025,0,0.129500441,26.2403
60,15/10/2025,0,0.129500441,26.2403
60,16/10/2025,0,0.129500441,26.2403
60,17/10/2025,1,0.129500441,26.2403
60,18/10/2025,1,0.129500441,26.2403
60,19/10/2025,0,0.129500441,26.2403
60,20/10/2025,1,0.129500441,26.2403
60,21/10/2025,1,0.129500441,26.2403
60,22/10/2025,1,0.129500441,26.2403
60,23/10/2025,0,0.129500441,26.2403
60,24/10/2025,1,0.129500441,26.2403
60,25/10/2025,1,0.129500441,26.2403
60,26/10/2025,0,0.129500441,26.2403
60,27/10/2025,1,0.129500441,26.2403
60,28/10/2025,0,0.129500441,26.2403
60,29/10/2025,1,0.129500441,26.2403
60,30/10/2025,1,0.129500441,26.2403
60,31/10/2025,0,0.129500441,26.2403
60,01/11/2025,1,0.129500441,26.2403
60,02/11/2025,0,0.129500441,26.2403
60,03/11/2025,1,0.129500441,26.2403
60,04/11/2025,0,0.129500441,26.2403
60,05/11/2025,1,0.129500441,26.2403
60,06/11/2025,1,0.129500441,26.2403
60,07/11/2025,1,0.129500441,26.2403
60,08/11/2025,0,0.129500441,26.2403
60,09/11/2025,0,0.129500441,26.2403
60,10/11/2025,1,0.129500441,26.2403
60,11/11/2025,1,0.129500441,26.2403
60,12/11/2025,1,0.129500441,26.2403
60,13/11/2025,1,0.129500441,26.2403
60,14/11/2025,1,0.129500441,26.2403
60,15/11/2025,1,0.129500441,26.2403
60,16/11/2025,1,0.129500441,26.2403
60,17/11/2025,1,0.129500441,26.2403
60,18/11/2025,0,0.129500441,26.2403
60,19/11/2025,0,0.129500441,26.2403
60,20/11/2025,0,0.129500441,26.2403
60,21/11/2025,1,0.129500441,26.2403
60,22/11/2025,0,0.129500441,26.2403
60,23/11/2025,1,0.129500441,26.2403
60,24/11/2025,1,0.129500441,26.2403
63,08/10/2025,0,0.608070974,55.79865
63,09/10/2025,0,0.608070974,55.79865
63,10/10/2025,0,0.608070974,55.79865
63,11/10/2025,0,0.608070974,55.79865
63,12/10/2025,0,0.608070974,55.79865
63,13/10/2025,0,0.608070974,55.79865
63,14/10/2025,0,0.608070974,55.79865
63,15/10/2025,0,0.608070974,55.79865
63,16/10/2025,0,0.608070974,55.79865
63,17/10/2025,0,0.608070974,55.79865
63,18/10/2025,0,0.608070974,55.79865
63,19/10/2025,0,0.608070974,55.79865
63,20/10/2025,0,0.608070974,55.79865
63,21/10/2025,0,0.608070974,55.79865
63,22/10/2025,0,0.608070974,55.79865
63,23/10/2025,0,0.608070974,55.79865
63,24/10/2025,0,0.608070974,55.79865
63,25/10/2025,0,0.608070974,55.79865
63,26/10/2025,0,0.608070974,55.79865
63,27/10/2025,0,0.608070974,55.79865
63,28/10/2025,0,0.608070974,55.79865
63,29/10/2025,0,0.608070974,55.79865
63,30/10/2025,0,0.608070974,55.79865
63,31/10/2025,0,0.608070974,55.79865
63,01/11/2025,0,0.608070974,55.79865
63,02/11/2025,0,0.608070974,55.79865
63,03/11/2025,0,0.608070974,55.79865
63,04/11/2025,0,0.608070974,55.79865
63,05/11/2025,0,0.608070974,55.79865
63,06/11/2025,0,0.608070974,55.79865
63,07/11/2025,0,0.608070974,55.79865
63,08/11/2025,0,0.608070974,55.79865
63,09/11/2025,0,0.608070974,55.79865
63,10/11/2025,0,0.608070974,55.79865
63,11/11/2025,0,0.608070974,55.79865
63,12/11/2025,0,0.608070974,55.79865
63,13/11/2025,0,0.608070974,55.79865
63,14/11/2025,0,0.608070974,55.79865
63,15/11/2025,0,0.608070974,55.79865
63,16/11/2025,0,0.608070974,55.79865
63,17/11/2025,0,0.608070974,55.79865
63,18/11/2025,0,0.608070974,55.79865
63,19/11/2025,0,0.608070974,55.79865
63,20/11/2025,0,0.608070974,55.79865
63,21/11/2025,0,0.608070974,55.79865
63,22/11/2025,0,0.608070974,55.79865
63,23/11/2025,0,0.608070974,55.79865
63,24/11/2025,0,0.608070974,55.79865
68,08/10/2025,0,0.76931404,118.10882
68,09/10/2025,1,0.76931404,118.10882
68,10/10/2025,1,0.76931404,118.10882
68,11/10/2025,1,0.76931404,118.10882
68,12/10/2025,1,0.76931404,118.10882
68,13/10/2025,0,0.76931404,118.10882
68,14/10/2025,1,0.76931404,118.10882
68,15/10/2025,1,0.76931404,118.10882
68,16/10/2025,1,0.76931404,118.10882
68,17/10/2025,1,0.76931404,118.10882
68,18/10/2025,1,0.76931404,118.10882
68,19/10/2025,1,0.76931404,118.10882
68,20/10/2025,1,0.76931404,118.10882
68,21/10/2025,1,0.76931404,118.10882
68,22/10/2025,1,0.76931404,118.10882
68,23/10/2025,1,0.76931404,118.10882
68,24/10/2025,1,0.76931404,118.10882
68,25/10/2025,1,0.76931404,118.10882
68,26/10/2025,1,0.76931404,118.10882
68,27/10/2025,1,0.76931404,118.10882
68,28/10/2025,1,0.76931404,118.10882
68,29/10/2025,0,0.76931404,118.10882
68,30/10/2025,1,0.76931404,118.10882
68,31/10/2025,1,0.76931404,118.10882
68,01/11/2025,1,0.76931404,118.10882
68,02/11/2025,1,0.76931404,118.10882
68,03/11/2025,1,0.76931404,118.10882
68,04/11/2025,1,0.76931404,118.10882
68,05/11/2025,1,0.76931404,118.10882
68,06/11/2025,1,0.76931404,118.10882
68,07/11/2025,1,0.76931404,118.10882
68,08/11/2025,1,0.76931404,118.10882
68,09/11/2025,1,0.76931404,118.10882
68,10/11/2025,1,0.76931404,118.10882
68,11/11/2025,1,0.76931404,118.10882
68,12/11/2025,1,0.76931404,118.10882
68,13/11/2025,1,0.76931404,118.10882
68,14/11/2025,1,0.76931404,118.10882
68,15/11/2025,1,0.76931404,118.10882
68,16/11/2025,1,0.76931404,118.10882
68,17/11/2025,1,0.76931404,118.10882
68,18/11/2025,1,0.76931404,118.10882
68,19/11/2025,1,0.76931404,118.10882
68,20/11/2025,1,0.76931404,118.10882
68,21/11/2025,1,0.76931404,118.10882
68,22/11/2025,1,0.76931404,118.10882
68,23/11/2025,1,0.76931404,118.10882
68,24/11/2025,1,0.76931404,118.10882
80,08/10/2025,0,0.1383242,39.89635
80,09/10/2025,1,0.1383242,39.89635
80,10/10/2025,1,0.1383242,39.89635
80,11/10/2025,0,0.1383242,39.89635
80,12/10/2025,1,0.1383242,39.89635
80,13/10/2025,0,0.1383242,39.89635
80,14/10/2025,1,0.1383242,39.89635
80,15/10/2025,1,0.1383242,39.89635
80,16/10/2025,1,0.1383242,39.89635
80,17/10/2025,0,0.1383242,39.89635
80,18/10/2025,1,0.1383242,39.89635
80,19/10/2025,0,0.1383242,39.89635
80,20/10/2025,0,0.1383242,39.89635
80,21/10/2025,0,0.1383242,39.89635
80,22/10/2025,0,0.1383242,39.89635
80,23/10/2025,1,0.1383242,39.89635
80,24/10/2025,0,0.1383242,39.89635
80,25/10/2025,0,0.1383242,39.89635
80,26/10/2025,1,0.1383242,39.89635
80,27/10/2025,1,0.1383242,39.89635
80,28/10/2025,0,0.1383242,39.89635
80,29/10/2025,0,0.1383242,39.89635
80,30/10/2025,0,0.1383242,39.89635
80,31/10/2025,0,0.1383242,39.89635
80,01/11/2025,0,0.1383242,39.89635
80,02/11/2025,0,0.1383242,39.89635
80,03/11/2025,0,0.1383242,39.89635
80,04/11/2025,0,0.1383242,39.89635
80,05/11/2025,0,0.1383242,39.89635
80,06/11/2025,0,0.1383242,39.89635
80,07/11/2025,0,0.1383242,39.89635
80,08/11/2025,0,0.1383242,39.89635
80,09/11/2025,0,0.1383242,39.89635
80,10/11/2025,0,0.1383242,39.89635
80,11/11/2025,0,0.1383242,39.89635
80,12/11/2025,0,0.1383242,39.89635
80,13/11/2025,0,0.1383242,39.89635
80,14/11/2025,0,0.1383242,39.89635
80,15/11/2025,0,0.1383242,39.89635
80,16/11/2025,0,0.1383242,39.89635
80,17/11/2025,0,0.1383242,39.89635
80,18/11/2025,0,0.1383242,39.89635
80,19/11/2025,0,0.1383242,39.89635
80,20/11/2025,0,0.1383242,39.89635
80,21/11/2025,0,0.1383242,39.89635
80,22/11/2025,0,0.1383242,39.89635
80,23/11/2025,0,0.1383242,39.89635
80,24/11/2025,0,0.1383242,39.89635
85,08/10/2025,0,0.679931127,171.86635
85,09/10/2025,0,0.679931127,171.86635
85,10/10/2025,0,0.679931127,171.86635
85,11/10/2025,1,0.679931127,171.86635
85,12/10/2025,0,0.679931127,171.86635
85,13/10/2025,0,0.679931127,171.86635
85,14/10/2025,0,0.679931127,171.86635
85,15/10/2025,0,0.679931127,171.86635
85,16/10/2025,1,0.679931127,171.86635
85,17/10/2025,0,0.679931127,171.86635
85,18/10/2025,0,0.679931127,171.86635
85,19/10/2025,0,0.679931127,171.86635
85,20/10/2025,0,0.679931127,171.86635
85,21/10/2025,0,0.679931127,171.86635
85,22/10/2025,0,0.679931127,171.86635
85,23/10/2025,0,0.679931127,171.86635
85,24/10/2025,0,0.679931127,171.86635
85,25/10/2025,1,0.679931127,171.86635
85,26/10/2025,0,0.679931127,171.86635
85,27/10/2025,0,0.679931127,171.86635
85,28/10/2025,1,0.679931127,171.86635
85,29/10/2025,0,0.679931127,171.86635
85,30/10/2025,0,0.679931127,171.86635
85,31/10/2025,0,0.679931127,171.86635
85,01/11/2025,0,0.679931127,171.86635
85,02/11/2025,0,0.679931127,171.86635
85,03/11/2025,0,0.679931127,171.86635
85,04/11/2025,0,0.679931127,171.86635
85,05/11/2025,0,0.679931127,171.86635
85,06/11/2025,1,0.679931127,171.86635
85,07/11/2025,0,0.679931127,171.86635
85,08/11/2025,0,0.679931127,171.86635
85,09/11/2025,0,0.679931127,171.86635
85,10/11/2025,0,0.679931127,171.86635
85,11/11/2025,1,0.679931127,171.86635
85,12/11/2025,1,0.679931127,171.86635
85,13/11/2025,0,0.679931127,171.86635
85,14/11/2025,1,0.679931127,171.86635
85,15/11/2025,1,0.679931127,171.86635
85,16/11/2025,0,0.679931127,171.86635
85,17/11/2025,0,0.679931127,171.86635
85,18/11/2025,0,0.679931127,171.86635
85,19/11/2025,1,0.679931127,171.86635
85,20/11/2025,0,0.679931127,171.86635
85,21/11/2025,0,0.679931127,171.86635
85,22/11/2025,0,0.679931127,171.86635
85,23/11/2025,0,0.679931127,171.86635
85,24/11/2025,1,0.679931127,171.86635
97,08/10/2025,0,0.225648577,33.2697
97,09/10/2025,0,0.225648577,33.2697
97,10/10/2025,0,0.225648577,33.2697
97,11/10/2025,0,0.225648577,33.2697
97,12/10/2025,0,0.225648577,33.2697
97,13/10/2025,0,0.225648577,33.2697
97,14/10/2025,0,0.225648577,33.2697
97,15/10/2025,0,0.225648577,33.2697
97,16/10/2025,0,0.225648577,33.2697
97,17/10/2025,0,0.225648577,33.2697
97,18/10/2025,0,0.225648577,33.2697
97,19/10/2025,0,0.225648577,33.2697
97,20/10/2025,0,0.225648577,33.2697
97,21/10/2025,0,0.225648577,33.2697
97,22/10/2025,0,0.225648577,33.2697
97,23/10/2025,0,0.225648577,33.2697
97,24/10/2025,0,0.225648577,33.2697
97,25/10/2025,1,0.225648577,33.2697
97,26/10/2025,0,0.225648577,33.2697
97,27/10/2025,0,0.225648577,33.2697
97,28/10/2025,1,0.225648577,33.2697
97,29/10/2025,0,0.225648577,33.2697
97,30/10/2025,0,0.225648577,33.2697
97,31/10/2025,0,0.225648577,33.2697
97,01/11/2025,1,0.225648577,33.2697
97,02/11/2025,0,0.225648577,33.2697
97,03/11/2025,1,0.225648577,33.2697
97,04/11/2025,0,0.225648577,33.2697
97,05/11/2025,0,0.225648577,33.2697
97,06/11/2025,1,0.225648577,33.2697
97,07/11/2025,0,0.225648577,33.2697
97,08/11/2025,1,0.225648577,33.2697
97,09/11/2025,0,0.225648577,33.2697
97,10/11/2025,0,0.225648577,33.2697
97,11/11/2025,0,0.225648577,33.2697
97,12/11/2025,0,0.225648577,33.2697
97,13/11/2025,0,0.225648577,33.2697
97,14/11/2025,0,0.225648577,33.2697
97,15/11/2025,0,0.225648577,33.2697
97,16/11/2025,0,0.225648577,33.2697
97,17/11/2025,0,0.225648577,33.2697
97,18/11/2025,0,0.225648577,33.2697
97,19/11/2025,0,0.225648577,33.2697
97,20/11/2025,0,0.225648577,33.2697
97,21/11/2025,0,0.225648577,33.2697
97,22/11/2025,0,0.225648577,33.2697
97,23/11/2025,0,0.225648577,33.2697
97,24/11/2025,0,0.225648577,33.2697
108,08/10/2025,0,0.658102235,26.0437
108,09/10/2025,0,0.658102235,26.0437
108,10/10/2025,0,0.658102235,26.0437
108,11/10/2025,1,0.658102235,26.0437
108,12/10/2025,0,0.658102235,26.0437
108,13/10/2025,1,0.658102235,26.0437
108,14/10/2025,1,0.658102235,26.0437
108,15/10/2025,1,0.658102235,26.0437
108,16/10/2025,0,0.658102235,26.0437
108,17/10/2025,0,0.658102235,26.0437
108,18/10/2025,1,0.658102235,26.0437
108,19/10/2025,1,0.658102235,26.0437
108,20/10/2025,0,0.658102235,26.0437
108,21/10/2025,0,0.658102235,26.0437
108,22/10/2025,1,0.658102235,26.0437
108,23/10/2025,0,0.658102235,26.0437
108,24/10/2025,1,0.658102235,26.0437
108,25/10/2025,1,0.658102235,26.0437
108,26/10/2025,1,0.658102235,26.0437
108,27/10/2025,0,0.658102235,26.0437
108,28/10/2025,1,0.658102235,26.0437
108,29/10/2025,0,0.658102235,26.0437
108,30/10/2025,1,0.658102235,26.0437
108,31/10/2025,1,0.658102235,26.0437
108,01/11/2025,1,0.658102235,26.0437
108,02/11/2025,1,0.658102235,26.0437
108,03/11/2025,1,0.658102235,26.0437
108,04/11/2025,1,0.658102235,26.0437
108,05/11/2025,1,0.658102235,26.0437
108,06/11/2025,1,0.658102235,26.0437
108,07/11/2025,1,0.658102235,26.0437
108,08/11/2025,1,0.658102235,26.0437
108,09/11/2025,1,0.658102235,26.0437
108,10/11/2025,1,0.658102235,26.0437
108,11/11/2025,0,0.658102235,26.0437
108,12/11/2025,0,0.658102235,26.0437
108,13/11/2025,0,0.658102235,26.0437
108,14/11/2025,0,0.658102235,26.0437
108,15/11/2025,0,0.658102235,26.0437
108,16/11/2025,0,0.658102235,26.0437
108,17/11/2025,0,0.658102235,26.0437
108,18/11/2025,0,0.658102235,26.0437
108,19/11/2025,1,0.658102235,26.0437
108,20/11/2025,1,0.658102235,26.0437
108,21/11/2025,1,0.658102235,26.0437
108,22/11/2025,1,0.658102235,26.0437
108,23/11/2025,1,0.658102235,26.0437
108,24/11/2025,1,0.658102235,26.0437